0000-hw--reorganization-part-2.txt
0001-hw-move-headers-to-include-.patch
0002-hw-make-subdirectories-for-devices.patch
0003-moxie-configure-with-default-configs-file.patch
0004-hw-move-target-independent-files-to-subdirectories.patch
0005-hw-move-virtio-devices-to-hw--subdirectories.patch
0006-hw-make-all-of-hw-ide--configurable-via-default-configs-.patch
0007-hw-make-all-of-hw-usb--configurable-via-default-configs-.patch
0008-hw-make-all-of-hw-pci--configurable-via-default-configs-.patch
0009-hw-move-watchdogs-to-hw-watchdog-configure-via-default-configs-.patch
0010-hw-move-MC146818RTC-to-hw-timer--configure-via-default-configs-.patch
0011-hw-move-NICs-to-hw-net--configure-via-default-configs-.patch
0012-hw-move-block-devices-to-hw-block--configure-via-default-configs-.patch
0013-hw-move-audio-devices-to-hw-audio--configure-via-default-configs-.patch
0014-hw-move-display-devices-to-hw-display--configure-via-default-configs-.patch
0015-hw-move-I2C-controllers-to-hw-i2c--configure-via-default-configs-.patch
0016-hw-move-SSI-controllers-to-hw-ssi--configure-via-default-configs-.patch
0017-hw-move-SCSI-controllers-to-hw-scsi--configure-via-default-configs-.patch
0018-hw-move-more-files-to-hw-xen-.patch
0019-hw-move-char-devices-to-hw-char--configure-via-default-configs-.patch
0020-hw-move-ISA-bridges-and-devices-to-hw-isa--configure-with-default-configs-.patch
0021-hw-move-timer-devices-to-hw-timer--configure-with-default-configs-.patch
0022-hw-move-SD-MMC-devices-to-hw-sd--configure-with-default-configs-.patch
0023-hw-move-PCI-bridges-to-hw-pci--configure-with-default-configs-.patch
0024-hw-move-VFIO-and-ivshmem-to-hw-pci-.patch
0025-hw-move-DMA-controllers-to-hw-dma--configure-with-default-configs-.patch
0026-hw-move-interrupt-controllers-to-hw-intc--configure-with-default-configs-.patch
0027-hw-move-GPIO-interfaces-to-hw-gpio--configure-with-default-configs-.patch
0028-hw-move-NVRAM-interfaces-to-hw-nvram--configure-with-default-configs-.patch
0029-hw-move-other-devices-to-hw-misc--configure-with-default-configs-.patch
0030-hw-move-ARM-CPU-cores-to-hw-cpu--configure-with-default-configs-.patch
0031-hw-move-hw-kvm--to-hw-i386-kvm.patch
0032-hw-move-another-file-to-hw-alpha-.patch
0033-hw-move-last-file-to-hw-arm-.patch
0034-MAINTAINERS-update-for-source-code-movement.patch
0035-hw-move-private-headers-to-hw--subdirectories.patch
